{
	"partitions" : [
		{
			"name" : "Top",
			"pins" : [
				{
					"name" : "Leds[0]",
					"strict" : false
				},
				{
					"name" : "Leds[1]",
					"strict" : false
				},
				{
					"name" : "Leds[2]",
					"strict" : false
				},
				{
					"name" : "Leds[3]",
					"strict" : false
				},
				{
					"name" : "Leds[4]",
					"strict" : false
				},
				{
					"name" : "Leds[5]",
					"strict" : false
				},
				{
					"name" : "Leds[6]",
					"strict" : false
				},
				{
					"name" : "Leds[7]",
					"strict" : false
				},
				{
					"name" : "Leds[8]",
					"strict" : false
				},
				{
					"name" : "Leds[9]",
					"strict" : false
				},
				{
					"name" : "Leds[10]",
					"strict" : false
				},
				{
					"name" : "Leds[11]",
					"strict" : false
				},
				{
					"name" : "Leds[12]",
					"strict" : false
				},
				{
					"name" : "Leds[13]",
					"strict" : false
				},
				{
					"name" : "Leds[14]",
					"strict" : false
				},
				{
					"name" : "Leds[15]",
					"strict" : false
				},
				{
					"name" : "Leds[16]",
					"strict" : false
				},
				{
					"name" : "Leds[17]",
					"strict" : false
				},
				{
					"name" : "Clk",
					"strict" : false
				},
				{
					"name" : "RPM",
					"strict" : false
				}
			]
		}
	]
}